{
  "precision@1": 0.466142684401451,
  "precision@5": 0.2562273276904616,
  "precision@10": 0.17902055622733032,
  "ndcg@1": 0.466142684401451,
  "ndcg@5": 0.3001297987295812,
  "ndcg@10": 0.2335886050564374,
  "psp@1": 3.032555924505536,
  "psp@5": 1.4716492419159248,
  "psp@10": 0.9719550680400635,
  "psndcg@1": 0.3136410497673726,
  "psndcg@5": 0.22898561602951886,
  "psndcg@10": 0.21172955436153446,
  "first_stage_recall@10": 0.1027197204882431
}