{
  "precision@1": 0.7425614489003881,
  "precision@5": 0.37464424320828865,
  "precision@10": 0.18732212160414433,
  "ndcg@1": 0.7425614489003881,
  "ndcg@5": 0.48681506108825695,
  "ndcg@10": 0.45412136258007646,
  "psp@1": 1.8092566066078195,
  "psp@5": 0.9940982482596809,
  "psp@10": 0.4970491241298404,
  "psndcg@1": 0.45293490291375166,
  "psndcg@5": 0.4071989399915489,
  "psndcg@10": 0.39227030762215986,
  "first_stage_recall@5": 0.36974409089545063
}