{
  "precision@1": 0.7221216041397154,
  "precision@5": 0.4535575679172096,
  "precision@10": 0.2781371280724445,
  "ndcg@1": 0.7221216041397154,
  "ndcg@5": 0.5423923153290181,
  "ndcg@10": 0.5600166191820495,
  "psp@1": 1.6818637607322782,
  "psp@5": 1.0937240352852693,
  "psp@10": 0.7170280600272673,
  "psndcg@1": 0.42740109883642985,
  "psndcg@5": 0.430102695120043,
  "psndcg@10": 0.4699154003914657,
  "first_stage_recall@15": 0.5573977675336023
}