{
  "precision@1": 0.6520051746442432,
  "precision@5": 0.37464424320828865,
  "precision@10": 0.2497800776196651,
  "ndcg@1": 0.6520051746442432,
  "ndcg@5": 0.4608063431628655,
  "ndcg@10": 0.49544716302492836,
  "psp@1": 1.7884853660983224,
  "psp@5": 0.9940982482596809,
  "psp@10": 0.6624374170753669,
  "psndcg@1": 0.4325922040458238,
  "psndcg@5": 0.39690963721690115,
  "psndcg@10": 0.4396166353995726,
  "first_stage_recall@10": 0.48709821657428476
}