{
  "precision@1": 0.5554980595084088,
  "precision@5": 0.3167917205692186,
  "precision@10": 0.22331177231565633,
  "ndcg@1": 0.5554980595084088,
  "ndcg@5": 0.3897462627970574,
  "ndcg@10": 0.4315391393269263,
  "psp@1": 1.7422942546484232,
  "psp@5": 0.9138710710579804,
  "psp@10": 0.6290699947728554,
  "psndcg@1": 0.4118371600166279,
  "psndcg@5": 0.3646321702447947,
  "psndcg@10": 0.40999198073198845,
  "first_stage_recall@10": 0.4368059394967548
}