{
  "hardware": {
    "platform": "Linux-6.8.0-124-generic-x86_64-with-glibc2.39",
    "cpu_count": 12,
    "total_ram_gb": 31.3,
    "gpu_name": "NVIDIA GeForce RTX 4060 Ti",
    "gpu_vram_gb": 8.0
  },
  "total": {
    "stage": "biencoder_only_finetuned",
    "wall_time_s": 6.49677299799805,
    "cpu_time_s": 22.61,
    "peak_rss_mb": 1873.83203125,
    "peak_vram_mb": 883.11376953125,
    "mean_gpu_util_pct": 35.18852459016394,
    "energy_j": 424.6109956908444
  },
  "per_stage": {
    "bi_encoder": {
      "wall_time_s": 6.495933139005501,
      "mean_candidates": 10.0
    }
  }
}