{
  "precision@1": 0.11694695989650712,
  "precision@5": 0.05852522639068496,
  "precision@10": 0.04351875808538075,
  "ndcg@1": 0.11694695989650712,
  "ndcg@5": 0.07429979688187552,
  "ndcg@10": 0.08453659634354722,
  "psp@1": 0.3256167636034868,
  "psp@5": 0.15652003501087702,
  "psp@10": 0.11429571608213987,
  "psndcg@1": 0.07728700430935355,
  "psndcg@5": 0.0638138221841358,
  "psndcg@10": 0.07399125843886992,
  "first_stage_recall@100": 0.3200449600708344
}