{
  "precision@1": 0.09883570504527814,
  "precision@5": 0.044398447606726836,
  "precision@10": 0.03182406209573053,
  "ndcg@1": 0.09883570504527814,
  "ndcg@5": 0.05885306401330761,
  "ndcg@10": 0.06550825022812216,
  "psp@1": 0.2751834300326191,
  "psp@5": 0.12066377285689633,
  "psp@10": 0.08590470545967374,
  "psndcg@1": 0.06823859364513953,
  "psndcg@5": 0.05199002156544694,
  "psndcg@10": 0.05922863311337406,
  "first_stage_recall@1000": 0.5947997546509823
}