{
  "precision@1": 0.3485489721886336,
  "precision@5": 0.21188029020557364,
  "precision@10": 0.16449516324063376,
  "ndcg@1": 0.3485489721886336,
  "ndcg@5": 0.24010712435654918,
  "ndcg@10": 0.19920181270407325,
  "psp@1": 2.474083216980262,
  "psp@5": 1.3020387385135084,
  "psp@10": 0.9165262648009134,
  "psndcg@1": 0.253056035235792,
  "psndcg@5": 0.19415081152247082,
  "psndcg@10": 0.18697325516538632,
  "first_stage_recall@15": 0.12151194206177145
}