{
  "precision@1": 0.7373035066505441,
  "precision@5": 0.48325272067714375,
  "precision@10": 0.3272521160822267,
  "ndcg@1": 0.7373035066505441,
  "ndcg@5": 0.5398465552865026,
  "ndcg@10": 0.4165206166285437,
  "psp@1": 1.7917834085017046,
  "psp@5": 1.5863475999239631,
  "psp@10": 1.243099903026109,
  "psndcg@1": 0.19435956176677815,
  "psndcg@5": 0.21985488966526914,
  "psndcg@10": 0.22909494681052062,
  "first_stage_recall@15": 0.20591765512877594
}