{
  "precision@1": 0.655229746070133,
  "precision@5": 0.4124546553808965,
  "precision@10": 0.2995465538089476,
  "ndcg@1": 0.655229746070133,
  "ndcg@5": 0.4642246714759406,
  "ndcg@10": 0.37203538904778777,
  "psp@1": 3.2479456878811157,
  "psp@5": 1.8345362926156437,
  "psp@10": 1.2652677545073951,
  "psndcg@1": 0.34193778248657236,
  "psndcg@5": 0.278031352315345,
  "psndcg@10": 0.26494760327537736,
  "first_stage_recall@10": 0.17278136331203883
}