{
  "precision@1": 0.39857920193470375,
  "precision@5": 0.24667472793230008,
  "precision@10": 0.19451330108827308,
  "ndcg@1": 0.39857920193470375,
  "ndcg@5": 0.27798727103730714,
  "ndcg@10": 0.23300474178268424,
  "psp@1": 2.636843297310723,
  "psp@5": 1.3566859791327828,
  "psp@10": 0.9467273057804392,
  "psndcg@1": 0.2707872610299701,
  "psndcg@5": 0.20632884941945953,
  "psndcg@10": 0.1974481716192056,
  "first_stage_recall@1000": 0.3218822658141353
}