{
  "precision@1": 0.21707632600258733,
  "precision@5": 0.10307891332470627,
  "precision@10": 0.07097024579560016,
  "ndcg@1": 0.21707632600258733,
  "ndcg@5": 0.13326923546583827,
  "ndcg@10": 0.14578920608968002,
  "psp@1": 0.5944893336080178,
  "psp@5": 0.28114624205412864,
  "psp@10": 0.19249217389934556,
  "psndcg@1": 0.1420028381878292,
  "psndcg@5": 0.1145861135348572,
  "psndcg@10": 0.12918379306795538,
  "first_stage_recall@10": 0.14154141029302714
}