{
  "precision@1": 0.41581015719467956,
  "precision@5": 0.29186819830715066,
  "precision@10": 0.2527660217654166,
  "ndcg@1": 0.41581015719467956,
  "ndcg@5": 0.31767562962534196,
  "ndcg@10": 0.2841102948933357,
  "psp@1": 2.6647993821330918,
  "psp@5": 1.4993062102881074,
  "psp@10": 1.1034621570173715,
  "psndcg@1": 0.274865805718127,
  "psndcg@5": 0.22299577647442326,
  "psndcg@10": 0.22145026248817995,
  "first_stage_recall@1000": 0.3218822658141353
}