{
  "precision@1": 0.7306597671410091,
  "precision@5": 0.4388615782664995,
  "precision@10": 0.2497800776196651,
  "ndcg@1": 0.7306597671410091,
  "ndcg@5": 0.5340742611842888,
  "ndcg@10": 0.5306843978657686,
  "psp@1": 1.719913837857265,
  "psp@5": 1.0916618084074767,
  "psp@10": 0.6624374170753669,
  "psndcg@1": 0.43536634796428025,
  "psndcg@5": 0.43139256076019855,
  "psndcg@10": 0.4519352208678987,
  "first_stage_recall@10": 0.48709821657428476
}