{
  "precision@1": 0.7102199223803364,
  "precision@5": 0.4533505821474808,
  "precision@10": 0.2884346701164283,
  "ndcg@1": 0.7102199223803364,
  "ndcg@5": 0.539109263565585,
  "ndcg@10": 0.5674692870022534,
  "psp@1": 1.6421367271751512,
  "psp@5": 1.071905747261889,
  "psp@10": 0.7275552201857096,
  "psndcg@1": 0.4186223128051539,
  "psndcg@5": 0.4221676521581333,
  "psndcg@10": 0.47044722737503375,
  "first_stage_recall@20": 0.6010610713133351
}