{
  "precision@1": 0.10530401034928849,
  "precision@5": 0.05899094437257355,
  "precision@10": 0.044191461836997695,
  "ndcg@1": 0.10530401034928849,
  "ndcg@5": 0.07272512006615793,
  "ndcg@10": 0.08367960176252533,
  "psp@1": 0.30299582903937256,
  "psp@5": 0.16845289865718333,
  "psp@10": 0.1251628858460186,
  "psndcg@1": 0.06963630745974214,
  "psndcg@5": 0.06403988534183523,
  "psndcg@10": 0.07539735737562678,
  "first_stage_recall@10": 0.08798128204984577
}