{
  "precision@1": 0.7025392986698912,
  "precision@5": 0.4392684401451031,
  "precision@10": 0.30684703748488595,
  "ndcg@1": 0.7025392986698912,
  "ndcg@5": 0.4964959165573199,
  "ndcg@10": 0.38884803302728715,
  "psp@1": 3.2816225571564637,
  "psp@5": 1.8058629715781347,
  "psp@10": 1.2132757129357095,
  "psndcg@1": 0.34718935001673107,
  "psndcg@5": 0.2781667709566313,
  "psndcg@10": 0.26101502575630064,
  "first_stage_recall@1000": 0.3218822658141353
}