{
  "precision@1": 0.3824062877871826,
  "precision@5": 0.27152357920195047,
  "precision@10": 0.2421704957678351,
  "ndcg@1": 0.3824062877871826,
  "ndcg@5": 0.2942605306676841,
  "ndcg@10": 0.2682662415574929,
  "psp@1": 2.578149202584932,
  "psp@5": 1.4995206295615089,
  "psp@10": 1.1441505053401535,
  "psndcg@1": 0.2639294579845235,
  "psndcg@5": 0.21848165029784866,
  "psndcg@10": 0.22169638597110872,
  "first_stage_recall@15": 0.20591765512877594
}