{
  "precision@1": 0.14747736093143596,
  "precision@5": 0.07860284605433214,
  "precision@10": 0.05648124191461684,
  "ndcg@1": 0.14747736093143596,
  "ndcg@5": 0.09846366305986394,
  "ndcg@10": 0.11065168110714994,
  "psp@1": 0.4196037356326065,
  "psp@5": 0.21602742757094048,
  "psp@10": 0.15452876857459039,
  "psndcg@1": 0.09913950688097588,
  "psndcg@5": 0.08554694010545644,
  "psndcg@10": 0.0984647024048014,
  "first_stage_recall@10": 0.11283816729482929
}