{
  "hardware": {
    "platform": "Linux-6.8.0-124-generic-x86_64-with-glibc2.39",
    "cpu_count": 12,
    "total_ram_gb": 31.3,
    "gpu_name": "NVIDIA GeForce RTX 4060 Ti",
    "gpu_vram_gb": 8.0
  },
  "total": {
    "stage": "biencoder_only_rag",
    "wall_time_s": 6.580154372000834,
    "cpu_time_s": 22.82,
    "peak_rss_mb": 1804.26171875,
    "peak_vram_mb": 883.11376953125,
    "mean_gpu_util_pct": 23.51219512195122,
    "energy_j": 445.36499522237114
  },
  "per_stage": {
    "bi_encoder": {
      "wall_time_s": 6.57926373400187,
      "mean_candidates": 10.0
    }
  }
}