{
  "precision@1": 0.5516170763260025,
  "precision@5": 0.2608538163001324,
  "precision@10": 0.14998706338939474,
  "ndcg@1": 0.5516170763260025,
  "ndcg@5": 0.33974010175997216,
  "ndcg@10": 0.3372260475820548,
  "psp@1": 1.3406529589735676,
  "psp@5": 0.627374578928732,
  "psp@10": 0.37069575701771684,
  "psndcg@1": 0.342676353990845,
  "psndcg@5": 0.2722335195512082,
  "psndcg@10": 0.2803879764940943,
  "first_stage_recall@100": 0.3379382921232884
}