{
  "precision@1": 0.10866752910737387,
  "precision@5": 0.05790426908149985,
  "precision@10": 0.04276843467011548,
  "ndcg@1": 0.10866752910737387,
  "ndcg@5": 0.07202739611972153,
  "ndcg@10": 0.0821578181978604,
  "psp@1": 0.30195953734941966,
  "psp@5": 0.16487640478941062,
  "psp@10": 0.1208723063117322,
  "psndcg@1": 0.07012425875583422,
  "psndcg@5": 0.062394218734819755,
  "psndcg@10": 0.07305564678655217,
  "first_stage_recall@1000": 0.5947997546509823
}