{
  "precision@1": 0.5269044740024184,
  "precision@5": 0.2788089480048545,
  "precision@10": 0.18397823458283266,
  "ndcg@1": 0.5269044740024184,
  "ndcg@5": 0.3310177637850494,
  "ndcg@10": 0.2492271244713963,
  "psp@1": 2.682019104890552,
  "psp@5": 1.2962191605149898,
  "psp@10": 0.8203297244990714,
  "psndcg@1": 0.28171677951804813,
  "psndcg@5": 0.20585437521719063,
  "psndcg@10": 0.1863711593495724,
  "first_stage_recall@10": 0.10490672063243764
}