{
  "precision@1": 0.09780077619663648,
  "precision@5": 0.04895213454074994,
  "precision@10": 0.03811125485122831,
  "ndcg@1": 0.09780077619663648,
  "ndcg@5": 0.06256286231799675,
  "ndcg@10": 0.0728502011127338,
  "psp@1": 0.2882573745845977,
  "psp@5": 0.13512036579546619,
  "psp@10": 0.10201433880671498,
  "psndcg@1": 0.06722367593372364,
  "psndcg@5": 0.05514951741635133,
  "psndcg@10": 0.06482662603498802,
  "first_stage_recall@1000": 0.6804282680091216
}