{
  "precision@1": 0.7022370012091899,
  "precision@5": 0.504171704957679,
  "precision@10": 0.33612454655381063,
  "ndcg@1": 0.7022370012091899,
  "ndcg@5": 0.5511209502855501,
  "ndcg@10": 0.4226596002127796,
  "psp@1": 1.7303919511810035,
  "psp@5": 1.6639043301452,
  "psp@10": 1.2494199262348584,
  "psndcg@1": 0.1870633196993661,
  "psndcg@5": 0.22628326531648976,
  "psndcg@10": 0.2310432994413693,
  "first_stage_recall@1000": 0.3218822658141353
}