{
  "precision@1": 0.12729624838292367,
  "precision@5": 0.08238033635187408,
  "precision@10": 0.059637774902973756,
  "ndcg@1": 0.12729624838292367,
  "ndcg@5": 0.09914024098757526,
  "ndcg@10": 0.11266867087007985,
  "psp@1": 0.4014091387757354,
  "psp@5": 0.24121245706220162,
  "psp@10": 0.16981966866867054,
  "psndcg@1": 0.08891215133295463,
  "psndcg@5": 0.0895783772589774,
  "psndcg@10": 0.1033146003906366,
  "first_stage_recall@10": 0.11889527319022754
}