{
  "precision@1": 0.20439844760672704,
  "precision@5": 0.13304010349288078,
  "precision@10": 0.10812419146183824,
  "ndcg@1": 0.20439844760672704,
  "ndcg@5": 0.15589615179639102,
  "ndcg@10": 0.1891896841556707,
  "psp@1": 0.580878705071601,
  "psp@5": 0.3660995086877184,
  "psp@10": 0.29295609658008015,
  "psndcg@1": 0.13552535386938896,
  "psndcg@5": 0.13503170345425902,
  "psndcg@10": 0.16781078019877396,
  "first_stage_recall@100": 0.7993401581888016
}