{
  "precision@1": 0.16170763260025872,
  "precision@5": 0.08005174644243038,
  "precision@10": 0.05640362225096873,
  "ndcg@1": 0.16170763260025872,
  "ndcg@5": 0.10210593370374345,
  "ndcg@10": 0.11286638880847395,
  "psp@1": 0.4470552304429502,
  "psp@5": 0.21859840839060338,
  "psp@10": 0.15437347952175312,
  "psndcg@1": 0.10745782357424247,
  "psndcg@5": 0.08755949002653302,
  "psndcg@10": 0.09958006558978252,
  "first_stage_recall@1000": 0.5947997546509823
}