{
  "hardware": {
    "platform": "Linux-6.8.0-124-generic-x86_64-with-glibc2.39",
    "cpu_count": 12,
    "total_ram_gb": 31.3,
    "gpu_name": "NVIDIA GeForce RTX 4060 Ti",
    "gpu_vram_gb": 8.0
  },
  "total": {
    "stage": "bm25_bi_1000_100_mixedrag",
    "wall_time_s": 8.691199114000483,
    "cpu_time_s": 22.490000000000002,
    "peak_rss_mb": 1842.62109375,
    "peak_vram_mb": 883.11376953125,
    "mean_gpu_util_pct": 18.609756097560975,
    "energy_j": 558.0861798344541
  },
  "per_stage": {
    "bm25": {
      "wall_time_s": 1.9244964919998893,
      "mean_candidates": 1000.0
    },
    "bi_encoder": {
      "wall_time_s": 6.765026686996862,
      "mean_candidates": 100.0
    }
  }
}