{
  "precision@1": 0.528415961305925,
  "precision@5": 0.2972793228537043,
  "precision@10": 0.21053506650544196,
  "ndcg@1": 0.528415961305925,
  "ndcg@5": 0.3456787734225223,
  "ndcg@10": 0.27146326575744195,
  "psp@1": 3.1729544895772057,
  "psp@5": 1.5244604631015144,
  "psp@10": 0.9949541534899649,
  "psndcg@1": 0.3311837758500237,
  "psndcg@5": 0.24028760536102617,
  "psndcg@10": 0.22101457451286766,
  "first_stage_recall@1000": 0.3218822658141353
}