{
  "precision@1": 0.13376455368693402,
  "precision@5": 0.06830530401034832,
  "precision@10": 0.05060802069857583,
  "ndcg@1": 0.13376455368693402,
  "ndcg@5": 0.08578454078445494,
  "ndcg@10": 0.09784164976242607,
  "psp@1": 0.3634543361207338,
  "psp@5": 0.17646458306257023,
  "psp@10": 0.12879167658853952,
  "psndcg@1": 0.08828882292000026,
  "psndcg@5": 0.07264579305244144,
  "psndcg@10": 0.08437972776981043,
  "first_stage_recall@100": 0.3379382921232884
}