{
  "hardware": {
    "platform": "Linux-6.8.0-124-generic-x86_64-with-glibc2.39",
    "cpu_count": 12,
    "total_ram_gb": 31.3,
    "gpu_name": "NVIDIA GeForce RTX 4060 Ti",
    "gpu_vram_gb": 8.0
  },
  "total": {
    "stage": "bm25_cross_100_10_mixedrag",
    "wall_time_s": 476.7771121019978,
    "cpu_time_s": 2622.42,
    "peak_rss_mb": 2711.09375,
    "peak_vram_mb": 332.740234375,
    "mean_gpu_util_pct": 42.6702786377709,
    "energy_j": 42886.442752161354
  },
  "per_stage": {
    "bm25": {
      "wall_time_s": 1.7040466449980158,
      "mean_candidates": 100.0
    },
    "cross_encoder": {
      "wall_time_s": 475.0703944649795,
      "mean_candidates": 10.0
    }
  }
}