{
  "precision@1": 0.12186287192755497,
  "precision@5": 0.05904269081500572,
  "precision@10": 0.04538163001293569,
  "ndcg@1": 0.12186287192755497,
  "ndcg@5": 0.07525930736991968,
  "ndcg@10": 0.08737976561939924,
  "psp@1": 0.3429443443577163,
  "psp@5": 0.159065047729216,
  "psp@10": 0.1210199074233179,
  "psndcg@1": 0.08382119954168141,
  "psndcg@5": 0.06681502879583674,
  "psndcg@10": 0.07907480500613513,
  "first_stage_recall@100": 0.3379382921232884
}