{
  "precision@1": 0.29307738814993956,
  "precision@5": 0.1710701330108899,
  "precision@10": 0.12681378476421462,
  "ndcg@1": 0.29307738814993956,
  "ndcg@5": 0.19631655120900438,
  "ndcg@10": 0.15787767321252485,
  "psp@1": 2.0199445088043757,
  "psp@5": 1.026071707282706,
  "psp@10": 0.6979799185997752,
  "psndcg@1": 0.20703694925215396,
  "psndcg@5": 0.1555931951012656,
  "psndcg@10": 0.14655477763814306,
  "first_stage_recall@100": 0.2141912862980278
}