{
  "precision@1": 0.5327296248382923,
  "precision@5": 0.30763260025873895,
  "precision@10": 0.19873221216041762,
  "ndcg@1": 0.5327296248382923,
  "ndcg@5": 0.37504630188541455,
  "ndcg@10": 0.3956399734266365,
  "psp@1": 1.2306511688664228,
  "psp@5": 0.6889481761507996,
  "psp@10": 0.4581374561493655,
  "psndcg@1": 0.3200555723709775,
  "psndcg@5": 0.2881697964443184,
  "psndcg@10": 0.31677317890757284,
  "first_stage_recall@1000": 0.5947997546509823
}