{
  "hardware": {
    "platform": "Linux-6.8.0-124-generic-x86_64-with-glibc2.39",
    "cpu_count": 12,
    "total_ram_gb": 31.3,
    "gpu_name": "NVIDIA GeForce RTX 4060 Ti",
    "gpu_vram_gb": 8.0
  },
  "total": {
    "stage": "bm25_bi_cross_finetuned",
    "wall_time_s": 458.9209690610005,
    "cpu_time_s": 2570.97,
    "peak_rss_mb": 3032.60546875,
    "peak_vram_mb": 377.833984375,
    "mean_gpu_util_pct": 37.480552359033375,
    "energy_j": 40150.84330131169
  },
  "per_stage": {
    "bm25": {
      "wall_time_s": 1.9141280490002828,
      "mean_candidates": 1000.0
    },
    "bi_encoder": {
      "wall_time_s": 7.617926935963624,
      "mean_candidates": 100.0
    },
    "cross_encoder": {
      "wall_time_s": 449.38458873895433,
      "mean_candidates": 10.0
    }
  }
}