{
  "precision@1": 0.6121604139715394,
  "precision@5": 0.39337645536870086,
  "precision@10": 0.275006468305304,
  "ndcg@1": 0.6121604139715394,
  "ndcg@5": 0.4650548678764114,
  "ndcg@10": 0.5147806583483155,
  "psp@1": 1.3701598266734805,
  "psp@5": 0.8598676388260642,
  "psp@10": 0.6204275825569574,
  "psndcg@1": 0.3551146392206531,
  "psndcg@5": 0.347189384044126,
  "psndcg@10": 0.40328424971288235,
  "first_stage_recall@100": 0.8092372655373968
}