{
  "precision@1": 0.5058214747736093,
  "precision@5": 0.26763260025873614,
  "precision@10": 0.1783441138421772,
  "ndcg@1": 0.5058214747736093,
  "ndcg@5": 0.3357706715062347,
  "ndcg@10": 0.35961773831593885,
  "psp@1": 1.564501188674226,
  "psp@5": 0.7581539709910387,
  "psp@10": 0.49301120741709714,
  "psndcg@1": 0.37024174945037147,
  "psndcg@5": 0.30816724733316436,
  "psndcg@10": 0.3350924366839257,
  "first_stage_recall@1000": 0.5947997546509823
}