{
  "precision@1": 0.5966364812419146,
  "precision@5": 0.3027166882276915,
  "precision@10": 0.1923415265200558,
  "ndcg@1": 0.5966364812419146,
  "ndcg@5": 0.3850021608930391,
  "ndcg@10": 0.401599647971476,
  "psp@1": 1.650979013122223,
  "psp@5": 0.8034577012154615,
  "psp@10": 0.5091879002242947,
  "psndcg@1": 0.39973404393790674,
  "psndcg@5": 0.3318669737145057,
  "psndcg@10": 0.3555589400323482,
  "first_stage_recall@1000": 0.5947997546509823
}