{
  "precision@1": 0.15058214747736093,
  "precision@5": 0.07736093143596218,
  "precision@10": 0.05598965071151214,
  "ndcg@1": 0.15058214747736093,
  "ndcg@5": 0.09790269997188693,
  "ndcg@10": 0.11015740993681052,
  "psp@1": 0.4274424687085762,
  "psp@5": 0.21295746693481665,
  "psp@10": 0.1537432543704,
  "psndcg@1": 0.10174209468790074,
  "psndcg@5": 0.08526618907108689,
  "psndcg@10": 0.09839995225801933,
  "first_stage_recall@1000": 0.6804282680091216
}